client_organization,industry,sub_industry,confidence
PREGIS,Industrial & Energy,Packaging,high
BRIGHTWORTH,Financial Services,Wealth management,high
HMI,Needs review,,low
SEI,Financial Services,Asset management,high
SCRA,Associations & Nonprofits,Industrial trade association (crane & rigging),high
AHTD,Associations & Nonprofits,Industrial distribution association,medium
BRIDGEWAY,Healthcare & Pharma,Behavioral health nonprofit,medium
VPPPA,Associations & Nonprofits,Workplace safety association,high
PERFORM LINE,Technology,Compliance software,medium
HMHS,Healthcare & Pharma,Health solutions,medium
ATD,Associations & Nonprofits,Talent development / HR,high
AHA,Healthcare & Pharma,Hospital association,medium
MPI WEC,Hospitality & Events,Meeting professionals association,high
ONE RESOURCE GROUP,Financial Services,Insurance / financial services,medium
AASCIF,Financial Services,Workers comp insurance funds association,high
TRIMBLE INC.,Technology,Industrial software,high
APWA,Government & Public Sector,Public works association,high
REGION 4,Education & Youth,Education service center,high
IIDA,Associations & Nonprofits,Interior design association,high
FLORIDA HA,Healthcare & Pharma,Hospital association,high
XCentric,Executive Networks (YPO etc.),EO regional event,high
Protective Life,Financial Services,Insurance,high
Stratum,Needs review,,low
Abbot Virtual,Healthcare & Pharma,Medical devices / pharma,medium
Aya Aa Kickoff,Healthcare & Pharma,Healthcare staffing,high
Pink Elephant,Technology,IT service management conference,high
Assetmark,Financial Services,Wealth platform,high
Sei,Financial Services,Asset management,high
Alhi,Hospitality & Events,Luxury hotels association,high
Cigna,Healthcare & Pharma,Health insurance,high
Medirevv,Healthcare & Pharma,Revenue cycle services,high
Awci,Associations & Nonprofits,Construction trade association,high
Aya,Healthcare & Pharma,Healthcare staffing,high
Thrivent,Financial Services,Financial services / insurance,high
Hmhs,Healthcare & Pharma,Health solutions,medium
Deloitte,Professional Services,Consulting / accounting,high
Bridgeway,Healthcare & Pharma,Behavioral health nonprofit,medium
Bcbs Alabama,Healthcare & Pharma,Health insurance,high
Rentokil,Professional Services,Pest control services,medium
Rentokill Virtual Live,Professional Services,Pest control services,medium
Desjardins,Financial Services,Cooperative bank,high
Bmc,Technology,Enterprise software,medium
Pinterest,Technology,Consumer internet,high
Rb Hygene,Retail & Consumer,Consumer goods,high
Deloitte Fireside,Professional Services,Consulting / accounting,high
Moss Adams,Professional Services,Accounting,high
Bd,Healthcare & Pharma,Medical technology,high
Vpppa,Associations & Nonprofits,Workplace safety association,high
Af Group,Financial Services,Workers comp insurance,high
Lincoln President'S Cabinet,Financial Services,Insurance / retirement,high
Lincoln,Financial Services,Insurance / retirement,high
Siemens,Industrial & Energy,Industrial conglomerate,medium
3M,Industrial & Energy,Diversified manufacturing,high
Smps Pre,Associations & Nonprofits,AEC marketing association,high
Smps,Associations & Nonprofits,AEC marketing association,high
Apwa,Government & Public Sector,Public works association,high
Leading Age Fl,Healthcare & Pharma,Senior living association,high
Franchise Update,Retail & Consumer,Franchising media / conference,medium
Ifda,Associations & Nonprofits,Foodservice distribution association,high
Brightworth,Financial Services,Wealth management,high
Aha,Healthcare & Pharma,Hospital association,medium
Aascif,Financial Services,Workers comp insurance funds association,high
Florida Ha,Healthcare & Pharma,Hospital association,high
Sunlife,Financial Services,Insurance,high
Floyd Lee Locums,Healthcare & Pharma,Physician staffing,high
Eo Xcentric,Executive Networks (YPO etc.),EO regional event,high
Equinix,Technology,Data centers,high
Nfda,Associations & Nonprofits,Funeral directors association,high
Starnet Worldwide,Retail & Consumer,Flooring cooperative,medium
Wheels Inc,Industrial & Energy,Fleet management,medium
Cbh,Needs review,,low
Dsoa,Healthcare & Pharma,Dental support organization,low
John Hancock Virtual,Financial Services,Insurance / investments,high
Washington Trust,Financial Services,Bank,high
Bdo,Professional Services,Accounting,high
John Knox,Healthcare & Pharma,Senior living,high
Cihi,Healthcare & Pharma,Health information (Canada),high
Heartland,Executive Networks (YPO etc.),YPO chapter,high
Nghs,Healthcare & Pharma,Health system,high
Grant Thornton,Professional Services,Accounting,high
Sanofi,Healthcare & Pharma,Pharma,high
John Hancock,Financial Services,Insurance / investments,high
AOA,Education & Youth,University auxiliary organizations,medium
NASHVILLE AGA,Government & Public Sector,Government accountants association,medium
SENOVVA,Healthcare & Pharma,Pharma (Amgen Canada meeting),high
COACHHUB VIRTUAL,Technology,HR tech / coaching platform,medium
COACH HUB VIRTUAL 2,Technology,HR tech / coaching platform,medium
ACI,Associations & Nonprofits,Industry association,low
UMEC,Needs review,,low
NTCA,Associations & Nonprofits,Rural broadband association,high
CSFMO,Government & Public Sector,Municipal finance officers,high
PINK ELEPHANT (R),Technology,IT service management conference,high
TRIPLESEAT,Technology,Event management software,high
AHA (R),Healthcare & Pharma,Hospital association,medium
GULF POWER,Industrial & Energy,Utility,high
IJO,Retail & Consumer,Independent jewelers,high
WORLDVIEW PANEL SXSW,Media & Agencies,Conference panel (SXSW),medium
ABC,Associations & Nonprofits,Builders and contractors association,medium
ADVANCED,Technology,Business software (UK),high
NAR,Real Estate,Realtors association,high
AWCI (R2),Associations & Nonprofits,Construction trade association,high
GOT,Executive Networks (YPO etc.),Entrepreneur network (Gathering of Titans),high
AAP,Healthcare & Pharma,Medical association,low
SCRA (R),Associations & Nonprofits,Industrial trade association (crane & rigging),high
AUDIENCE COMM/GSK,Healthcare & Pharma,Pharma (GSK),high
XERO,Technology,Accounting software,high
AAPD,Healthcare & Pharma,Pediatric dentistry association,high
REALSCREEN/BRUNICO,Media & Agencies,Media conference,high
ERIN'S HOUSE,Associations & Nonprofits,Community nonprofit,high
METRO CONNECTIONS,Healthcare & Pharma,Dental / vet supply (Patterson NASM),medium
CASAMATA,Needs review,,low
AYALA LAND,Real Estate,Property developer,high
ACAM,Needs review,,low
LEAGUE OF CITIES,Government & Public Sector,Municipal league,high
FREEMAN,Hospitality & Events,Event production,high
RESTORE HYPER,Healthcare & Pharma,Wellness franchise,medium
FLORIDA HR,Associations & Nonprofits,HR association,high
HAWTHORN SR LIVING,Healthcare & Pharma,Senior living,high
BRIDGEWAY (R2),Healthcare & Pharma,Behavioral health nonprofit,medium
AFT,Financial Services,Fintech conference,medium
EYE RECOMMEND,Healthcare & Pharma,Optometry network,high
CJPIA,Government & Public Sector,Public entity insurance pool,high
MILLIMAN,Professional Services,Actuarial consulting,high
AMERICAN OSTEOPATHIC,Healthcare & Pharma,Medical association,high
MIGHTY DREAM PHARELL,Media & Agencies,Forum / entertainment,medium
MCDERMOTT,Professional Services,Law firm,high
ISACA,Associations & Nonprofits,IT governance association,high
RAYTHEON,Industrial & Energy,Aerospace & defense,high
JOHN KNOX,Healthcare & Pharma,Senior living,high
LearnWell VIRTUAL,Education & Youth,Education services,medium
PACKAGING DISTRIBUTORS PDA,Associations & Nonprofits,Packaging distributors association,high
ALLOYA,Financial Services,Corporate credit union,high
GOT JUNK,Retail & Consumer,Home services franchise,high
KELLOGG,Retail & Consumer,Consumer goods,high
ADM,Healthcare & Pharma,Pharma (Bausch/Salix NSM),high
HSBC,Financial Services,Bank,high
CATULPA,Associations & Nonprofits,Community support services,high
COREBRIDGE,Financial Services,Retirement / insurance,high
REPLICATED,Technology,Software,high
Winesense,Retail & Consumer,Wine,low
FM GLOBAL,Financial Services,Commercial insurance,high
THRIVENT,Financial Services,Financial services / insurance,high
WELLS FARGO,Financial Services,Bank,high
SUPPORTWORKS,Industrial & Energy,Construction / foundation repair network,medium
NACHA,Financial Services,Payments association,high
ZEIGLER AUTO,Retail & Consumer,Auto dealer group,high
BCBSSC,Healthcare & Pharma,Health insurance,high
COWBOYS,Sports & Entertainment,Pro sports team,high
OAIC,Financial Services,Insurance,high
SERVICENOW,Technology,Enterprise software,high
PDA,Associations & Nonprofits,Packaging distributors association,high
PFIFC,Needs review,,low
BGCA,Education & Youth,Youth nonprofit,high
BLP,Needs review,,low
EYCA,Needs review,,low
EO,Executive Networks (YPO etc.),Entrepreneurs' Organization,high
US PROBATION OFFICE,Government & Public Sector,Federal agency,high
NATIONAL INTERSTATE,Financial Services,Insurance,high
CONCEPT ARTS,Media & Agencies,Creative agency,medium
KINECTA,Financial Services,Credit union,high
DOUGLAS ELLIMAN,Real Estate,Brokerage,high
ORANGE THEORY,Retail & Consumer,Fitness franchise,high
CEO's,Executive Networks (YPO etc.),CEO group,low
ECIA,Associations & Nonprofits,Electronics industry association,high
MIKE ALLES,Needs review,,low
BE THE MATCH,Healthcare & Pharma,Health nonprofit,high
ACCESSLEX,Education & Youth,Higher-ed finance nonprofit,high
AcessLex,Education & Youth,Higher-ed finance nonprofit,high
AMERICAN FMI,Financial Services,Insurance,high
SCOTTSDALE,Needs review,,low
AMS Properties,Real Estate,Property management,medium
HUB,Financial Services,Insurance brokerage,high
